user_input,retrieved_contexts,response,reference,faithfulness,context_precision,context_recall
"How much money did Bassanio borrow from Shylock, and for how long?","['Bassanio is a young Venetian nobleman who has spent his wealth recklessly and is now in debt.\nHowever, he has fallen in love with a wealthy and beautiful heiress named Portia, who lives in Belmont.\nBassanio believes that Portia may return his love, but he needs money in order to travel to Belmont and\npresent himself as a worthy suitor. Because Bassanio has already borrowed money from Antonio in the\npast, he hesitates to ask again. Nevertheless, he confides in Antonio and explains his plan.\nAntonio, who deeply values his friendship with Bassanio, immediately offers to help him. Although\nAntonio himself currently has no cash available because his money is invested in his ships at sea, he\nencourages Bassanio to borrow money using Antonio’s credit. Bassanio then approaches Shylock, a\nJewish moneylender in Venice, to request a loan of three thousand ducats for three months.\nShylock has a complicated relationship with Antonio. Antonio has often insulted Shylock because he is\nJewish and because he lends money with interest, which Antonio disapproves of. Antonio has publicly\nmocked Shylock and even spat on him in the past. Because of this history, Shylock secretly harbors', 'them to Venice in disguise as a lawyer and a clerk.\nIn the courtroom, the Duke of Venice hopes that Shylock will show mercy and forgive the debt.\nBassanio even offers to pay twice or three times the original amount of money, but Shylock refuses. He\ninsists that he is entitled to the pound of flesh according to the law and demands that the contract be\nhonored.', 'past, he hesitates to ask again. Nevertheless, he confides in Antonio and explains his plan.\nAntonio, who deeply values his friendship with Bassanio, immediately offers to help him. Although\nAntonio himself currently has no cash available because his money is invested in his ships at sea, he\nencourages Bassanio to borrow money using Antonio’s credit. Bassanio then approaches Shylock, a', 'repay the loan to Shylock. Shylock becomes determined to enforce the bond and claim his pound of\nflesh.\nAntonio is arrested and brought to court for failing to repay the debt. Bassanio returns to Venice\nimmediately after hearing the news, determined to save his friend. Portia and Nerissa secretly follow\nthem to Venice in disguise as a lawyer and a clerk.', 'condition for the loan. He offers to lend the money without interest if Antonio signs a bond stating that if\nthe loan is not repaid on time, Shylock will have the right to cut off a pound of Antonio’s flesh from any\npart of his body.\nBassanio is alarmed by this strange condition and advises Antonio not to accept it. However, Antonio']",Bassanio borrowed three thousand ducats for three months ([1] and [5]),Bassanio borrowed three thousand ducats from Shylock for a period of three months.,1.0,0.9999999999,1.0
What penalty did Shylock attach to the loan if Antonio failed to repay it on time?,"['condition for the loan. He offers to lend the money without interest if Antonio signs a bond stating that if\nthe loan is not repaid on time, Shylock will have the right to cut off a pound of Antonio’s flesh from any\npart of his body.\nBassanio is alarmed by this strange condition and advises Antonio not to accept it. However, Antonio', 'repay the loan to Shylock. Shylock becomes determined to enforce the bond and claim his pound of\nflesh.\nAntonio is arrested and brought to court for failing to repay the debt. Bassanio returns to Venice\nimmediately after hearing the news, determined to save his friend. Portia and Nerissa secretly follow\nthem to Venice in disguise as a lawyer and a clerk.', 'declares that it is too late and that Shylock has already refused the payment. According to the law, a\nforeigner who attempts to take the life of a citizen may lose his property.\nHalf of Shylock’s wealth goes to the state and half to Antonio. Antonio shows mercy by allowing\nShylock to keep part of it during his lifetime but requires him to leave the remainder to Jessica and', 'Jewish moneylender in Venice, to request a loan of three thousand ducats for three months.\nShylock has a complicated relationship with Antonio. Antonio has often insulted Shylock because he is\nJewish and because he lends money with interest, which Antonio disapproves of. Antonio has publicly\nmocked Shylock and even spat on him in the past. Because of this history, Shylock secretly harbors', 'Portia then examines the bond and declares that Shylock may take exactly one pound of Antonio’s\nflesh. But she points out that the contract does not allow the shedding of blood. If even one drop of\nblood is spilled, Shylock will be punished under Venetian law.\nRealizing that this makes the act impossible, Shylock agrees to accept the money instead. Portia']",Shylock would have the right to cut off a pound of Antonio’s flesh from any part of his body. [1],"If the loan was not repaid on time, Shylock would have the right to cut off one pound of Antonio's flesh from any part of his body. The loan itself was offered without interest.",1.0,0.9999999999,1.0
What did the Prince of Morocco find when he opened the gold casket?,"['him favorably from a previous meeting.\nBefore Bassanio arrives, two suitors attempt the casket test. The Prince of Morocco chooses the gold\ncasket because he believes something as precious as Portia must be contained within gold. However,\nwhen he opens it, he finds a skull and a message explaining that appearances can be deceptive. He\nhas chosen wrongly and must leave.', 'Many wealthy suitors from various countries come to Belmont to attempt the challenge, but Portia is not\nimpressed with most of them. She privately complains about their personalities and manners. Although\nshe must follow her father’s wishes, she secretly hopes that Bassanio will come, as she remembers\nhim favorably from a previous meeting.\nBefore Bassanio arrives, two suitors attempt the casket test. The Prince of Morocco chooses the gold\ncasket because he believes something as precious as Portia must be contained within gold. However,\nwhen he opens it, he finds a skull and a message explaining that appearances can be deceptive. He\nhas chosen wrongly and must leave.\nThe Prince of Arragon then attempts the test and chooses the silver casket, believing that he deserves\nPortia more than others. When he opens the casket, he finds the portrait of a fool and another message\nexplaining that arrogance leads to failure. He too has chosen incorrectly and must leave Belmont.\nSoon afterward, Bassanio arrives in Belmont with his friend Gratiano. Portia welcomes him warmly but\nasks him to delay choosing the casket because she fears losing him if he chooses incorrectly. Bassanio', 'caskets, Bassanio rejects the gold and silver ones, recognizing that they represent superficial\nappearances and pride. Instead, he chooses the lead casket, which promises only what a person truly\ndeserves.\nWhen Bassanio opens the lead casket, he finds Portia’s portrait and a message declaring that he has', 'has chosen wrongly and must leave.\nThe Prince of Arragon then attempts the test and chooses the silver casket, believing that he deserves\nPortia more than others. When he opens the casket, he finds the portrait of a fool and another message\nexplaining that arrogance leads to failure. He too has chosen incorrectly and must leave Belmont.', 'realize they have given their rings back to their own wives. At the same time, news arrives that\nAntonio’s ships have returned safely, restoring his wealth.\nThe play ends with celebration, reconciliation, and happiness for most of the characters, while\nShylock’s fate remains tragic. The Merchant of Venice continues to be discussed for its exploration of']","When the Prince of Morocco opened the gold casket, he found a skull and a message explaining that appearances can be deceptive. [1]","The Prince of Morocco found a skull and a message explaining that appearances can be deceptive. Having chosen wrongly, he was required to leave.",1.0,0.9999999999666667,1.0
What was the consequence for any suitor who chose the wrong casket?,"['him favorably from a previous meeting.\nBefore Bassanio arrives, two suitors attempt the casket test. The Prince of Morocco chooses the gold\ncasket because he believes something as precious as Portia must be contained within gold. However,\nwhen he opens it, he finds a skull and a message explaining that appearances can be deceptive. He\nhas chosen wrongly and must leave.', 'mercy, justice, prejudice, and human relationships.', 'has chosen wrongly and must leave.\nThe Prince of Arragon then attempts the test and chooses the silver casket, believing that he deserves\nPortia more than others. When he opens the casket, he finds the portrait of a fool and another message\nexplaining that arrogance leads to failure. He too has chosen incorrectly and must leave Belmont.', 'a test that determines who can marry her. According to his will, any suitor who wishes to marry Portia\nmust choose correctly among three caskets: one made of gold, one made of silver, and one made of\nlead. Inside one of these caskets is a portrait of Portia. Whoever chooses the correct casket wins her\nhand in marriage. If a suitor chooses incorrectly, he must promise never to marry anyone else.', 'caskets, Bassanio rejects the gold and silver ones, recognizing that they represent superficial\nappearances and pride. Instead, he chooses the lead casket, which promises only what a person truly\ndeserves.\nWhen Bassanio opens the lead casket, he finds Portia’s portrait and a message declaring that he has']","The consequence for any suitor who chose the wrong casket is that they must promise never to marry anyone else. 

[C4] states: ""If a suitor chooses incorrectly, he must promise never to marry anyone else.""",Any suitor who chose incorrectly was required to promise never to marry anyone else.,1.0,0.47777777776185176,1.0
What alias did Portia use when she appeared in the Venetian courtroom?,"['chosen correctly. Portia happily accepts Bassanio as her husband and gives him a ring as a symbol of\ntheir love, asking him never to lose or give it away. Gratiano also becomes engaged to Portia’s maid\nNerissa.\nAt the same time, events in Venice take a darker turn. Shylock’s daughter Jessica secretly plans to run', 'Summary of The Merchant of Venice\nThe Merchant of Venice is a play by William Shakespeare that combines elements of comedy,\nromance, and drama while exploring themes such as mercy, justice, prejudice, friendship, and love.\nThe story takes place mainly in Venice and Belmont and revolves around the merchant Antonio, his\nfriend Bassanio, the wealthy heiress Portia, and the Jewish moneylender Shylock.\nThe play begins in Venice with Antonio, a wealthy merchant, who is feeling strangely sad without\nknowing why. His friends Salarino and Solanio attempt to guess the cause of his sadness. They\nsuggest that he might be worried about his merchant ships that are currently sailing across dangerous\nseas, carrying valuable goods that could easily be lost in storms or attacked by pirates. Antonio\ndismisses this idea and claims he is not worried about his business. They then suggest that perhaps he\nis in love, but Antonio again denies this explanation. His friend Bassanio soon arrives, and the\nconversation shifts to Bassanio’s financial difficulties.\nBassanio is a young Venetian nobleman who has spent his wealth recklessly and is now in debt.', 'honored.\nPortia arrives disguised as a learned lawyer named Balthazar. She urges Shylock to show mercy and\ndelivers a famous speech explaining that mercy is greater than strict justice. However, Shylock refuses\nto change his mind.', 'a test that determines who can marry her. According to his will, any suitor who wishes to marry Portia\nmust choose correctly among three caskets: one made of gold, one made of silver, and one made of\nlead. Inside one of these caskets is a portrait of Portia. Whoever chooses the correct casket wins her\nhand in marriage. If a suitor chooses incorrectly, he must promise never to marry anyone else.', 'Portia then examines the bond and declares that Shylock may take exactly one pound of Antonio’s\nflesh. But she points out that the contract does not allow the shedding of blood. If even one drop of\nblood is spilled, Shylock will be punished under Venetian law.\nRealizing that this makes the act impossible, Shylock agrees to accept the money instead. Portia\ndeclares that it is too late and that Shylock has already refused the payment. According to the law, a\nforeigner who attempts to take the life of a citizen may lose his property.\nHalf of Shylock’s wealth goes to the state and half to Antonio. Antonio shows mercy by allowing\nShylock to keep part of it during his lifetime but requires him to leave the remainder to Jessica and\nLorenzo and convert to Christianity. Shylock leaves the court defeated.\nLater, Bassanio offers the disguised Portia a reward. She asks for the ring that Bassanio promised\nnever to give away. After hesitation, he gives it to her. Gratiano also gives Nerissa’s ring to the clerk.\nBack in Belmont, Portia and Nerissa reveal the truth about their disguises. Bassanio and Gratiano']",Balthazar. [3],Portia disguised herself as a learned lawyer named Balthazar.,1.0,0.49999999995,1.0
Why did Antonio sign the bond despite Bassanio's warning?,"['resentment toward Antonio.\nWhen Bassanio approaches Shylock for the loan, Shylock carefully considers the request. He\nrecognizes that Antonio is wealthy but also notes that Antonio’s ships are currently at sea and therefore\nhis wealth is uncertain. Shylock pretends to set aside his resentment and proposes an unusual', 'repay the loan to Shylock. Shylock becomes determined to enforce the bond and claim his pound of\nflesh.\nAntonio is arrested and brought to court for failing to repay the debt. Bassanio returns to Venice\nimmediately after hearing the news, determined to save his friend. Portia and Nerissa secretly follow\nthem to Venice in disguise as a lawyer and a clerk.', 'confidently agrees to the bond, believing that his ships will return safely long before the loan is due.\nAntonio therefore signs the contract, and Bassanio receives the money needed to travel to Belmont.\nMeanwhile, in Belmont, Portia faces her own challenge regarding marriage. Portia’s late father created', 'condition for the loan. He offers to lend the money without interest if Antonio signs a bond stating that if\nthe loan is not repaid on time, Shylock will have the right to cut off a pound of Antonio’s flesh from any\npart of his body.\nBassanio is alarmed by this strange condition and advises Antonio not to accept it. However, Antonio', 'Bassanio is a young Venetian nobleman who has spent his wealth recklessly and is now in debt.\nHowever, he has fallen in love with a wealthy and beautiful heiress named Portia, who lives in Belmont.\nBassanio believes that Portia may return his love, but he needs money in order to travel to Belmont and\npresent himself as a worthy suitor. Because Bassanio has already borrowed money from Antonio in the\npast, he hesitates to ask again. Nevertheless, he confides in Antonio and explains his plan.\nAntonio, who deeply values his friendship with Bassanio, immediately offers to help him. Although\nAntonio himself currently has no cash available because his money is invested in his ships at sea, he\nencourages Bassanio to borrow money using Antonio’s credit. Bassanio then approaches Shylock, a\nJewish moneylender in Venice, to request a loan of three thousand ducats for three months.\nShylock has a complicated relationship with Antonio. Antonio has often insulted Shylock because he is\nJewish and because he lends money with interest, which Antonio disapproves of. Antonio has publicly\nmocked Shylock and even spat on him in the past. Because of this history, Shylock secretly harbors']","Based on the provided context [4], Antonio signed the bond because he ""believ[ed] that his ships will return safely long before the loan is due.""

Also, according to the context [4], Antonio's reason was because he ""confidently agree[d] to the bond"", and context [4] mentions he was advised by Bassanio not to sign, however, Antonio chose to sign the contract anyway because he thought his ships would return with the money by the time the loan was due.","Antonio confidently agreed to the bond because he believed his merchant ships would return safely long before the loan was due, making repayment certain.",0.8,0.36666666664833336,1.0
What did the Prince of Arragon find in the silver casket?,"['Many wealthy suitors from various countries come to Belmont to attempt the challenge, but Portia is not\nimpressed with most of them. She privately complains about their personalities and manners. Although\nshe must follow her father’s wishes, she secretly hopes that Bassanio will come, as she remembers\nhim favorably from a previous meeting.\nBefore Bassanio arrives, two suitors attempt the casket test. The Prince of Morocco chooses the gold\ncasket because he believes something as precious as Portia must be contained within gold. However,\nwhen he opens it, he finds a skull and a message explaining that appearances can be deceptive. He\nhas chosen wrongly and must leave.\nThe Prince of Arragon then attempts the test and chooses the silver casket, believing that he deserves\nPortia more than others. When he opens the casket, he finds the portrait of a fool and another message\nexplaining that arrogance leads to failure. He too has chosen incorrectly and must leave Belmont.\nSoon afterward, Bassanio arrives in Belmont with his friend Gratiano. Portia welcomes him warmly but\nasks him to delay choosing the casket because she fears losing him if he chooses incorrectly. Bassanio', 'has chosen wrongly and must leave.\nThe Prince of Arragon then attempts the test and chooses the silver casket, believing that he deserves\nPortia more than others. When he opens the casket, he finds the portrait of a fool and another message\nexplaining that arrogance leads to failure. He too has chosen incorrectly and must leave Belmont.', 'him favorably from a previous meeting.\nBefore Bassanio arrives, two suitors attempt the casket test. The Prince of Morocco chooses the gold\ncasket because he believes something as precious as Portia must be contained within gold. However,\nwhen he opens it, he finds a skull and a message explaining that appearances can be deceptive. He\nhas chosen wrongly and must leave.', 'asks him to delay choosing the casket because she fears losing him if he chooses incorrectly. Bassanio\ninsists on making the choice without delay. After carefully reflecting on the messages written on the\ncaskets, Bassanio rejects the gold and silver ones, recognizing that they represent superficial\nappearances and pride. Instead, he chooses the lead casket, which promises only what a person truly\ndeserves.\nWhen Bassanio opens the lead casket, he finds Portia’s portrait and a message declaring that he has\nchosen correctly. Portia happily accepts Bassanio as her husband and gives him a ring as a symbol of\ntheir love, asking him never to lose or give it away. Gratiano also becomes engaged to Portia’s maid\nNerissa.\nAt the same time, events in Venice take a darker turn. Shylock’s daughter Jessica secretly plans to run\naway with Lorenzo, a Christian friend of Bassanio. Jessica disguises herself as a boy and escapes from\nher father’s house with Lorenzo, taking some of Shylock’s money and jewels with her. When Shylock\ndiscovers that his daughter has fled, he is furious and deeply distressed.', 'caskets, Bassanio rejects the gold and silver ones, recognizing that they represent superficial\nappearances and pride. Instead, he chooses the lead casket, which promises only what a person truly\ndeserves.\nWhen Bassanio opens the lead casket, he finds Portia’s portrait and a message declaring that he has']",The Prince of Arragon found the portrait of a fool and another message explaining that arrogance leads to failure in the silver casket. [2],The Prince of Arragon found the portrait of a fool and a message explaining that arrogance leads to failure. He had chosen incorrectly and was required to leave Belmont.,0.6666666666666666,0.699999999965,1.0
"Why did Antonio agree to Shylock's dangerous bond, and what actually happened to his ships?","['resentment toward Antonio.\nWhen Bassanio approaches Shylock for the loan, Shylock carefully considers the request. He\nrecognizes that Antonio is wealthy but also notes that Antonio’s ships are currently at sea and therefore\nhis wealth is uncertain. Shylock pretends to set aside his resentment and proposes an unusual', 'Portia then examines the bond and declares that Shylock may take exactly one pound of Antonio’s\nflesh. But she points out that the contract does not allow the shedding of blood. If even one drop of\nblood is spilled, Shylock will be punished under Venetian law.\nRealizing that this makes the act impossible, Shylock agrees to accept the money instead. Portia', 'realize they have given their rings back to their own wives. At the same time, news arrives that\nAntonio’s ships have returned safely, restoring his wealth.\nThe play ends with celebration, reconciliation, and happiness for most of the characters, while\nShylock’s fate remains tragic. The Merchant of Venice continues to be discussed for its exploration of', 'repay the loan to Shylock. Shylock becomes determined to enforce the bond and claim his pound of\nflesh.\nAntonio is arrested and brought to court for failing to repay the debt. Bassanio returns to Venice\nimmediately after hearing the news, determined to save his friend. Portia and Nerissa secretly follow\nthem to Venice in disguise as a lawyer and a clerk.', 'mocked Shylock and even spat on him in the past. Because of this history, Shylock secretly harbors\nresentment toward Antonio.\nWhen Bassanio approaches Shylock for the loan, Shylock carefully considers the request. He\nrecognizes that Antonio is wealthy but also notes that Antonio’s ships are currently at sea and therefore\nhis wealth is uncertain. Shylock pretends to set aside his resentment and proposes an unusual\ncondition for the loan. He offers to lend the money without interest if Antonio signs a bond stating that if\nthe loan is not repaid on time, Shylock will have the right to cut off a pound of Antonio’s flesh from any\npart of his body.\nBassanio is alarmed by this strange condition and advises Antonio not to accept it. However, Antonio\nconfidently agrees to the bond, believing that his ships will return safely long before the loan is due.\nAntonio therefore signs the contract, and Bassanio receives the money needed to travel to Belmont.\nMeanwhile, in Belmont, Portia faces her own challenge regarding marriage. Portia’s late father created\na test that determines who can marry her. According to his will, any suitor who wishes to marry Portia']","Antonio agreed to Shylock's bond because he believed that his ships would return safely long before the loan was due [5]. 

What actually happened to his ships is that they returned safely, restoring his wealth [3].","Antonio agreed to the bond because he was confident his ships would return safely well before the three-month repayment deadline. However, his ships were lost at sea, leaving him unable to repay the loan and forcing Shylock to pursue the bond.",1.0,0.699999999965,1.0
What history between Antonio and Shylock explains why Shylock proposed such a cruel bond?,"['resentment toward Antonio.\nWhen Bassanio approaches Shylock for the loan, Shylock carefully considers the request. He\nrecognizes that Antonio is wealthy but also notes that Antonio’s ships are currently at sea and therefore\nhis wealth is uncertain. Shylock pretends to set aside his resentment and proposes an unusual', 'Portia then examines the bond and declares that Shylock may take exactly one pound of Antonio’s\nflesh. But she points out that the contract does not allow the shedding of blood. If even one drop of\nblood is spilled, Shylock will be punished under Venetian law.\nRealizing that this makes the act impossible, Shylock agrees to accept the money instead. Portia', 'Jewish moneylender in Venice, to request a loan of three thousand ducats for three months.\nShylock has a complicated relationship with Antonio. Antonio has often insulted Shylock because he is\nJewish and because he lends money with interest, which Antonio disapproves of. Antonio has publicly\nmocked Shylock and even spat on him in the past. Because of this history, Shylock secretly harbors', 'condition for the loan. He offers to lend the money without interest if Antonio signs a bond stating that if\nthe loan is not repaid on time, Shylock will have the right to cut off a pound of Antonio’s flesh from any\npart of his body.\nBassanio is alarmed by this strange condition and advises Antonio not to accept it. However, Antonio', 'mocked Shylock and even spat on him in the past. Because of this history, Shylock secretly harbors\nresentment toward Antonio.\nWhen Bassanio approaches Shylock for the loan, Shylock carefully considers the request. He\nrecognizes that Antonio is wealthy but also notes that Antonio’s ships are currently at sea and therefore\nhis wealth is uncertain. Shylock pretends to set aside his resentment and proposes an unusual\ncondition for the loan. He offers to lend the money without interest if Antonio signs a bond stating that if\nthe loan is not repaid on time, Shylock will have the right to cut off a pound of Antonio’s flesh from any\npart of his body.\nBassanio is alarmed by this strange condition and advises Antonio not to accept it. However, Antonio\nconfidently agrees to the bond, believing that his ships will return safely long before the loan is due.\nAntonio therefore signs the contract, and Bassanio receives the money needed to travel to Belmont.\nMeanwhile, in Belmont, Portia faces her own challenge regarding marriage. Portia’s late father created\na test that determines who can marry her. According to his will, any suitor who wishes to marry Portia']","Antonio has often insulted Shylock because he is Jewish and because he lends money with interest, which Antonio disapproves of. Antonio has also publicly mocked Shylock and even spat on him in the past.",Antonio had repeatedly insulted Shylock for being Jewish and for lending money at interest. He had publicly mocked Shylock and even spat on him. This accumulated resentment is what motivated Shylock to propose the flesh-bond rather than a straightforward loan.,0.8333333333333334,0.8041666666465626,1.0
"How did Bassanio fund his trip to Belmont, and what risk did that create for Antonio?","['However, he has fallen in love with a wealthy and beautiful heiress named Portia, who lives in Belmont.\nBassanio believes that Portia may return his love, but he needs money in order to travel to Belmont and\npresent himself as a worthy suitor. Because Bassanio has already borrowed money from Antonio in the', 'resentment toward Antonio.\nWhen Bassanio approaches Shylock for the loan, Shylock carefully considers the request. He\nrecognizes that Antonio is wealthy but also notes that Antonio’s ships are currently at sea and therefore\nhis wealth is uncertain. Shylock pretends to set aside his resentment and proposes an unusual', 'dismisses this idea and claims he is not worried about his business. They then suggest that perhaps he\nis in love, but Antonio again denies this explanation. His friend Bassanio soon arrives, and the\nconversation shifts to Bassanio’s financial difficulties.\nBassanio is a young Venetian nobleman who has spent his wealth recklessly and is now in debt.', 'confidently agrees to the bond, believing that his ships will return safely long before the loan is due.\nAntonio therefore signs the contract, and Bassanio receives the money needed to travel to Belmont.\nMeanwhile, in Belmont, Portia faces her own challenge regarding marriage. Portia’s late father created', 'Bassanio is a young Venetian nobleman who has spent his wealth recklessly and is now in debt.\nHowever, he has fallen in love with a wealthy and beautiful heiress named Portia, who lives in Belmont.\nBassanio believes that Portia may return his love, but he needs money in order to travel to Belmont and\npresent himself as a worthy suitor. Because Bassanio has already borrowed money from Antonio in the\npast, he hesitates to ask again. Nevertheless, he confides in Antonio and explains his plan.\nAntonio, who deeply values his friendship with Bassanio, immediately offers to help him. Although\nAntonio himself currently has no cash available because his money is invested in his ships at sea, he\nencourages Bassanio to borrow money using Antonio’s credit. Bassanio then approaches Shylock, a\nJewish moneylender in Venice, to request a loan of three thousand ducats for three months.\nShylock has a complicated relationship with Antonio. Antonio has often insulted Shylock because he is\nJewish and because he lends money with interest, which Antonio disapproves of. Antonio has publicly\nmocked Shylock and even spat on him in the past. Because of this history, Shylock secretly harbors']","Bassanio funded his trip to Belmont by borrowing three thousand ducats for three months from Shylock using Antonio's credit. This created a significant risk for Antonio, as he had agreed to the bond, assuming that his ships would return safely and repay the loan long before its due date.","Because Antonio had no liquid cash — his money was tied up in ships at sea — he encouraged Bassanio to borrow using his credit. Bassanio approached Shylock for a loan of three thousand ducats. The risk was that if Antonio's ships failed to return in time, Shylock could enforce the bond and claim a pound of Antonio's flesh.",,0.99999999998,1.0
What events led to Antonio's arrest and trial?,"['repay the loan to Shylock. Shylock becomes determined to enforce the bond and claim his pound of\nflesh.\nAntonio is arrested and brought to court for failing to repay the debt. Bassanio returns to Venice\nimmediately after hearing the news, determined to save his friend. Portia and Nerissa secretly follow\nthem to Venice in disguise as a lawyer and a clerk.', 'away with Lorenzo, a Christian friend of Bassanio. Jessica disguises herself as a boy and escapes from\nher father’s house with Lorenzo, taking some of Shylock’s money and jewels with her. When Shylock\ndiscovers that his daughter has fled, he is furious and deeply distressed.\nShortly afterward, news arrives that Antonio’s ships have been lost at sea, meaning that he cannot', 'realize they have given their rings back to their own wives. At the same time, news arrives that\nAntonio’s ships have returned safely, restoring his wealth.\nThe play ends with celebration, reconciliation, and happiness for most of the characters, while\nShylock’s fate remains tragic. The Merchant of Venice continues to be discussed for its exploration of', 'declares that it is too late and that Shylock has already refused the payment. According to the law, a\nforeigner who attempts to take the life of a citizen may lose his property.\nHalf of Shylock’s wealth goes to the state and half to Antonio. Antonio shows mercy by allowing\nShylock to keep part of it during his lifetime but requires him to leave the remainder to Jessica and', 'has chosen wrongly and must leave.\nThe Prince of Arragon then attempts the test and chooses the silver casket, believing that he deserves\nPortia more than others. When he opens the casket, he finds the portrait of a fool and another message\nexplaining that arrogance leads to failure. He too has chosen incorrectly and must leave Belmont.']","Based on the context [1], the events that led to Antonio's arrest and trial were:

1. Antonio failed to repay the loan to Shylock.
2. Shylock became determined to enforce the bond and claim his pound of flesh.

This led to Antonio being brought to court for failing to repay the debt.","Antonio's ships were lost at sea, making it impossible for him to repay his loan to Shylock. With the debt unpaid, Shylock refused all offers of settlement and demanded the pound of flesh stipulated in the bond. As a result, Antonio was arrested and brought to court.",1.0,0.0,1.0
What happened to Shylock's family and wealth by the end of the play?,"['declares that it is too late and that Shylock has already refused the payment. According to the law, a\nforeigner who attempts to take the life of a citizen may lose his property.\nHalf of Shylock’s wealth goes to the state and half to Antonio. Antonio shows mercy by allowing\nShylock to keep part of it during his lifetime but requires him to leave the remainder to Jessica and', 'realize they have given their rings back to their own wives. At the same time, news arrives that\nAntonio’s ships have returned safely, restoring his wealth.\nThe play ends with celebration, reconciliation, and happiness for most of the characters, while\nShylock’s fate remains tragic. The Merchant of Venice continues to be discussed for its exploration of', 'them to Venice in disguise as a lawyer and a clerk.\nIn the courtroom, the Duke of Venice hopes that Shylock will show mercy and forgive the debt.\nBassanio even offers to pay twice or three times the original amount of money, but Shylock refuses. He\ninsists that he is entitled to the pound of flesh according to the law and demands that the contract be\nhonored.', 'mocked Shylock and even spat on him in the past. Because of this history, Shylock secretly harbors\nresentment toward Antonio.\nWhen Bassanio approaches Shylock for the loan, Shylock carefully considers the request. He\nrecognizes that Antonio is wealthy but also notes that Antonio’s ships are currently at sea and therefore\nhis wealth is uncertain. Shylock pretends to set aside his resentment and proposes an unusual\ncondition for the loan. He offers to lend the money without interest if Antonio signs a bond stating that if\nthe loan is not repaid on time, Shylock will have the right to cut off a pound of Antonio’s flesh from any\npart of his body.\nBassanio is alarmed by this strange condition and advises Antonio not to accept it. However, Antonio\nconfidently agrees to the bond, believing that his ships will return safely long before the loan is due.\nAntonio therefore signs the contract, and Bassanio receives the money needed to travel to Belmont.\nMeanwhile, in Belmont, Portia faces her own challenge regarding marriage. Portia’s late father created\na test that determines who can marry her. According to his will, any suitor who wishes to marry Portia', 'honored.\nPortia arrives disguised as a learned lawyer named Balthazar. She urges Shylock to show mercy and\ndelivers a famous speech explaining that mercy is greater than strict justice. However, Shylock refuses\nto change his mind.']","Based on the context, Shylock's family and wealth are described in the following statements:

[1] Half of Shylock’s wealth goes to the state and half to Antonio. Antonio shows mercy by allowing Shylock to keep part of it during his lifetime but requires him to leave the remainder to Jessica and [2] (presumably 'Lorenzo', as they are Jessica and Lorenzo mentioned together elsewhere in the provided context, I couldn't verify Lorenzo as being mentioned in the provided text so this assumption was made).

According to the text, after Antonio regains his wealth with the return of his ships, it means that Shylock will not have possession of half of Antonio's wealth, which Antonio agreed to pay after Shylock had cut his flesh according to the contract.

So the final answer is:
According to the play, part of Shylock's wealth goes to Antonio and the state, and Antonio requires him to leave the remainder to Jessica and Lorenzo.","Shylock's daughter Jessica had eloped with Lorenzo, a Christian friend of Bassanio, taking money and jewels from Shylock's house. After the trial, half of Shylock's remaining wealth was awarded to the state and half to Antonio. Antonio allowed Shylock to retain his portion during his lifetime, but required him to leave it to Jessica and Lorenzo upon his death and to convert to Christianity. Shylock left the court defeated.",0.75,0.9999999999,0.75
Trace the complete journey of Bassanio's ring from when Portia gave it to him to how it was returned to her.,"['Soon afterward, Bassanio arrives in Belmont with his friend Gratiano. Portia welcomes him warmly but\nasks him to delay choosing the casket because she fears losing him if he chooses incorrectly. Bassanio\ninsists on making the choice without delay. After carefully reflecting on the messages written on the', 'Lorenzo and convert to Christianity. Shylock leaves the court defeated.\nLater, Bassanio offers the disguised Portia a reward. She asks for the ring that Bassanio promised\nnever to give away. After hesitation, he gives it to her. Gratiano also gives Nerissa’s ring to the clerk.\nBack in Belmont, Portia and Nerissa reveal the truth about their disguises. Bassanio and Gratiano', 'Many wealthy suitors from various countries come to Belmont to attempt the challenge, but Portia is not\nimpressed with most of them. She privately complains about their personalities and manners. Although\nshe must follow her father’s wishes, she secretly hopes that Bassanio will come, as she remembers\nhim favorably from a previous meeting.', 'chosen correctly. Portia happily accepts Bassanio as her husband and gives him a ring as a symbol of\ntheir love, asking him never to lose or give it away. Gratiano also becomes engaged to Portia’s maid\nNerissa.\nAt the same time, events in Venice take a darker turn. Shylock’s daughter Jessica secretly plans to run', 'Bassanio is a young Venetian nobleman who has spent his wealth recklessly and is now in debt.\nHowever, he has fallen in love with a wealthy and beautiful heiress named Portia, who lives in Belmont.\nBassanio believes that Portia may return his love, but he needs money in order to travel to Belmont and\npresent himself as a worthy suitor. Because Bassanio has already borrowed money from Antonio in the\npast, he hesitates to ask again. Nevertheless, he confides in Antonio and explains his plan.\nAntonio, who deeply values his friendship with Bassanio, immediately offers to help him. Although\nAntonio himself currently has no cash available because his money is invested in his ships at sea, he\nencourages Bassanio to borrow money using Antonio’s credit. Bassanio then approaches Shylock, a\nJewish moneylender in Venice, to request a loan of three thousand ducats for three months.\nShylock has a complicated relationship with Antonio. Antonio has often insulted Shylock because he is\nJewish and because he lends money with interest, which Antonio disapproves of. Antonio has publicly\nmocked Shylock and even spat on him in the past. Because of this history, Shylock secretly harbors']","Based on the context, here's the journey of Bassanio's ring:

[1] Portia gives the ring to Bassanio as a symbol of their love, asking him never to lose or give it away.
[2] Later, Bassanio, while disguised as a lawyer, offers the ring to the woman he thinks is Portia as a part of a test she created in her will, but it is actually Portia in disguise.
[4] Back in Belmont, Portia and Nerissa reveal the truth. Portia's servant, who had been given a ring by Gratiano, reveals that Nerissa has given it to a clerk.
[3] However, it's not specified what happened to Bassanio's ring during the Belmont scene; only that it was returned to Portia as part of the disguised test. 
However, from [4] we can understand that Bassanio gave the ring to the ""Portia"" in disguise as a wedding gift, so the original context of Portia asking Bassanio not to lose or give away the ring makes more sense. 

So the original context of Bassanio getting the ring and giving Nerissa's ring, then later the original ring is returned in the test scene, makes the journey of Bassanio's ring complete: 

- Portia gave Bassanio the ring (step [1])
- Bassanio received the ring (not in the text) implicitly because Bassanio gave Nerissa's ring to the clerk.
- Later, to be specific, it's Bassanio who gives the ring to the disguised Portia as a test (from context [2])
The full journey of Bassanio's ring thus involves Bassanio receiving the ring from Portia at his wedding, and later (at the end of [2]) Bassanio intentionally gives the ring away to what he thinks is Portia in the test.","Portia gave Bassanio a ring as a symbol of their love when he chose the correct casket, asking him never to lose or give it away. After the trial, Portia — still disguised as Balthazar — asked Bassanio for the ring as a reward. After some hesitation, he gave it to her. Back in Belmont, Portia revealed her disguise and that she had received the ring from him, effectively returning it to herself.",0.14285714285714285,0.49999999995,1.0
What does Bassanio's casket choice reveal about the play's attitude toward superficial appearances?,"['caskets, Bassanio rejects the gold and silver ones, recognizing that they represent superficial\nappearances and pride. Instead, he chooses the lead casket, which promises only what a person truly\ndeserves.\nWhen Bassanio opens the lead casket, he finds Portia’s portrait and a message declaring that he has', 'dismisses this idea and claims he is not worried about his business. They then suggest that perhaps he\nis in love, but Antonio again denies this explanation. His friend Bassanio soon arrives, and the\nconversation shifts to Bassanio’s financial difficulties.\nBassanio is a young Venetian nobleman who has spent his wealth recklessly and is now in debt.', 'him favorably from a previous meeting.\nBefore Bassanio arrives, two suitors attempt the casket test. The Prince of Morocco chooses the gold\ncasket because he believes something as precious as Portia must be contained within gold. However,\nwhen he opens it, he finds a skull and a message explaining that appearances can be deceptive. He\nhas chosen wrongly and must leave.', 'Soon afterward, Bassanio arrives in Belmont with his friend Gratiano. Portia welcomes him warmly but\nasks him to delay choosing the casket because she fears losing him if he chooses incorrectly. Bassanio\ninsists on making the choice without delay. After carefully reflecting on the messages written on the', 'asks him to delay choosing the casket because she fears losing him if he chooses incorrectly. Bassanio\ninsists on making the choice without delay. After carefully reflecting on the messages written on the\ncaskets, Bassanio rejects the gold and silver ones, recognizing that they represent superficial\nappearances and pride. Instead, he chooses the lead casket, which promises only what a person truly\ndeserves.\nWhen Bassanio opens the lead casket, he finds Portia’s portrait and a message declaring that he has\nchosen correctly. Portia happily accepts Bassanio as her husband and gives him a ring as a symbol of\ntheir love, asking him never to lose or give it away. Gratiano also becomes engaged to Portia’s maid\nNerissa.\nAt the same time, events in Venice take a darker turn. Shylock’s daughter Jessica secretly plans to run\naway with Lorenzo, a Christian friend of Bassanio. Jessica disguises herself as a boy and escapes from\nher father’s house with Lorenzo, taking some of Shylock’s money and jewels with her. When Shylock\ndiscovers that his daughter has fled, he is furious and deeply distressed.']","According to [1], Bassanio rejects the gold and silver caskets, recognizing that they represent superficial appearances and pride. This suggests the play critiques and disapproves of superficial appearances.","Bassanio's choice reveals that the play treats superficial appearances as deceptive and unworthy guides for judgment. He rejected gold and silver because he recognised they symbolise pride and outward show, and chose lead precisely because it promised only what a person truly deserves. This mirrors the play's broader theme that genuine worth lies beneath plain surfaces rather than in glittering exteriors.",1.0,0.7555555555303703,1.0
"What central tension does Portia's mercy speech represent in the play, and how is it ultimately resolved?","['honored.\nPortia arrives disguised as a learned lawyer named Balthazar. She urges Shylock to show mercy and\ndelivers a famous speech explaining that mercy is greater than strict justice. However, Shylock refuses\nto change his mind.', 'Summary of The Merchant of Venice\nThe Merchant of Venice is a play by William Shakespeare that combines elements of comedy,\nromance, and drama while exploring themes such as mercy, justice, prejudice, friendship, and love.\nThe story takes place mainly in Venice and Belmont and revolves around the merchant Antonio, his\nfriend Bassanio, the wealthy heiress Portia, and the Jewish moneylender Shylock.', 'mercy, justice, prejudice, and human relationships.', 'Many wealthy suitors from various countries come to Belmont to attempt the challenge, but Portia is not\nimpressed with most of them. She privately complains about their personalities and manners. Although\nshe must follow her father’s wishes, she secretly hopes that Bassanio will come, as she remembers\nhim favorably from a previous meeting.', 'Portia then examines the bond and declares that Shylock may take exactly one pound of Antonio’s\nflesh. But she points out that the contract does not allow the shedding of blood. If even one drop of\nblood is spilled, Shylock will be punished under Venetian law.\nRealizing that this makes the act impossible, Shylock agrees to accept the money instead. Portia\ndeclares that it is too late and that Shylock has already refused the payment. According to the law, a\nforeigner who attempts to take the life of a citizen may lose his property.\nHalf of Shylock’s wealth goes to the state and half to Antonio. Antonio shows mercy by allowing\nShylock to keep part of it during his lifetime but requires him to leave the remainder to Jessica and\nLorenzo and convert to Christianity. Shylock leaves the court defeated.\nLater, Bassanio offers the disguised Portia a reward. She asks for the ring that Bassanio promised\nnever to give away. After hesitation, he gives it to her. Gratiano also gives Nerissa’s ring to the clerk.\nBack in Belmont, Portia and Nerissa reveal the truth about their disguises. Bassanio and Gratiano']","Based on the provided context ([1]), Portia's mercy speech represents the central tension between mercy and strict justice. The tension is ultimately resolved when Shylock is forced to accept the money instead of Antonio's flesh ([5]), indicating that justice and the law prevail over Shylock's attempt to enforce a strict interpretation of the contract.","Portia's speech represents the tension between strict legal justice and moral mercy. Shylock insisted on his contractual right to the pound of flesh; Portia argued that mercy is a higher virtue than rigid justice. Crucially, the tension is not resolved through Shylock being moved by mercy — he refuses — but through Portia finding a legal technicality that renders the bond unenforceable without spilling blood, defeating Shylock on his own legalistic terms.",1.0,0.19999999998,1.0
How does Antonio's mercy toward Shylock after the trial contrast with his earlier treatment of him?,"['declares that it is too late and that Shylock has already refused the payment. According to the law, a\nforeigner who attempts to take the life of a citizen may lose his property.\nHalf of Shylock’s wealth goes to the state and half to Antonio. Antonio shows mercy by allowing\nShylock to keep part of it during his lifetime but requires him to leave the remainder to Jessica and', 'discovers that his daughter has fled, he is furious and deeply distressed.\nShortly afterward, news arrives that Antonio’s ships have been lost at sea, meaning that he cannot\nrepay the loan to Shylock. Shylock becomes determined to enforce the bond and claim his pound of\nflesh.\nAntonio is arrested and brought to court for failing to repay the debt. Bassanio returns to Venice\nimmediately after hearing the news, determined to save his friend. Portia and Nerissa secretly follow\nthem to Venice in disguise as a lawyer and a clerk.\nIn the courtroom, the Duke of Venice hopes that Shylock will show mercy and forgive the debt.\nBassanio even offers to pay twice or three times the original amount of money, but Shylock refuses. He\ninsists that he is entitled to the pound of flesh according to the law and demands that the contract be\nhonored.\nPortia arrives disguised as a learned lawyer named Balthazar. She urges Shylock to show mercy and\ndelivers a famous speech explaining that mercy is greater than strict justice. However, Shylock refuses\nto change his mind.', 'resentment toward Antonio.\nWhen Bassanio approaches Shylock for the loan, Shylock carefully considers the request. He\nrecognizes that Antonio is wealthy but also notes that Antonio’s ships are currently at sea and therefore\nhis wealth is uncertain. Shylock pretends to set aside his resentment and proposes an unusual', 'Portia then examines the bond and declares that Shylock may take exactly one pound of Antonio’s\nflesh. But she points out that the contract does not allow the shedding of blood. If even one drop of\nblood is spilled, Shylock will be punished under Venetian law.\nRealizing that this makes the act impossible, Shylock agrees to accept the money instead. Portia', 'realize they have given their rings back to their own wives. At the same time, news arrives that\nAntonio’s ships have returned safely, restoring his wealth.\nThe play ends with celebration, reconciliation, and happiness for most of the characters, while\nShylock’s fate remains tragic. The Merchant of Venice continues to be discussed for its exploration of']","The context does not explicitly describe Antonio's earlier treatment of Shylock. However, it does mention that [3] Shylock has resentment toward Antonio. This implies that Antonio's treatment of Shylock may not have been entirely positive. 

But, unfortunately, we don't have enough information to accurately answer the question based on the context provided.","Earlier in the play, Antonio had publicly insulted, mocked, and spat on Shylock because of his Jewish identity and his practice of lending at interest — behaviour that fuelled Shylock's resentment. After the trial, when Shylock was stripped of half his wealth and facing total ruin, Antonio intervened to let Shylock retain his portion during his lifetime rather than lose everything immediately. This contrast highlights mercy as a theme, even from someone who had previously shown contempt.",0.5,0.999999999975,1.0
"How did the reasoning of the Prince of Morocco, the Prince of Arragon, and Bassanio differ when choosing a casket?","['him favorably from a previous meeting.\nBefore Bassanio arrives, two suitors attempt the casket test. The Prince of Morocco chooses the gold\ncasket because he believes something as precious as Portia must be contained within gold. However,\nwhen he opens it, he finds a skull and a message explaining that appearances can be deceptive. He\nhas chosen wrongly and must leave.', 'Many wealthy suitors from various countries come to Belmont to attempt the challenge, but Portia is not\nimpressed with most of them. She privately complains about their personalities and manners. Although\nshe must follow her father’s wishes, she secretly hopes that Bassanio will come, as she remembers\nhim favorably from a previous meeting.\nBefore Bassanio arrives, two suitors attempt the casket test. The Prince of Morocco chooses the gold\ncasket because he believes something as precious as Portia must be contained within gold. However,\nwhen he opens it, he finds a skull and a message explaining that appearances can be deceptive. He\nhas chosen wrongly and must leave.\nThe Prince of Arragon then attempts the test and chooses the silver casket, believing that he deserves\nPortia more than others. When he opens the casket, he finds the portrait of a fool and another message\nexplaining that arrogance leads to failure. He too has chosen incorrectly and must leave Belmont.\nSoon afterward, Bassanio arrives in Belmont with his friend Gratiano. Portia welcomes him warmly but\nasks him to delay choosing the casket because she fears losing him if he chooses incorrectly. Bassanio', 'has chosen wrongly and must leave.\nThe Prince of Arragon then attempts the test and chooses the silver casket, believing that he deserves\nPortia more than others. When he opens the casket, he finds the portrait of a fool and another message\nexplaining that arrogance leads to failure. He too has chosen incorrectly and must leave Belmont.', 'caskets, Bassanio rejects the gold and silver ones, recognizing that they represent superficial\nappearances and pride. Instead, he chooses the lead casket, which promises only what a person truly\ndeserves.\nWhen Bassanio opens the lead casket, he finds Portia’s portrait and a message declaring that he has', 'Soon afterward, Bassanio arrives in Belmont with his friend Gratiano. Portia welcomes him warmly but\nasks him to delay choosing the casket because she fears losing him if he chooses incorrectly. Bassanio\ninsists on making the choice without delay. After carefully reflecting on the messages written on the']","Based on the context [1], the Prince of Morocco chose the gold casket because he believed something as precious as Portia must be contained within gold (superficial appearance of wealth).

Based on the context [3], the Prince of Arragon chose the silver casket, believing that he deserves Portia more than others (arrogance and self-worth).

Based on the context [4], Bassanio chose the lead casket, which promises only what a person truly deserves (true worth).

Their reasonings differed - the Prince of Morocco chose based on superficial appearance of wealth, the Prince of Arragon chose based on his own self-worth, and Bassanio chose based on what a person truly deserves.","Morocco chose gold believing that something as precious as Portia must be contained in the most valuable material — a judgment based on surface worth. Arragon chose silver out of arrogance, believing he deserved Portia more than other suitors. Bassanio, by contrast, rejected gold and silver as symbols of superficial appearances and pride, and chose lead because it represented true desert rather than outward show. Only Bassanio's inward-looking reasoning led to the correct choice.",1.0,0.9166666666361111,1.0
How does Portia's situation at the start of the play compare to Bassanio's?,"['Many wealthy suitors from various countries come to Belmont to attempt the challenge, but Portia is not\nimpressed with most of them. She privately complains about their personalities and manners. Although\nshe must follow her father’s wishes, she secretly hopes that Bassanio will come, as she remembers\nhim favorably from a previous meeting.', 'caskets, Bassanio rejects the gold and silver ones, recognizing that they represent superficial\nappearances and pride. Instead, he chooses the lead casket, which promises only what a person truly\ndeserves.\nWhen Bassanio opens the lead casket, he finds Portia’s portrait and a message declaring that he has', 'chosen correctly. Portia happily accepts Bassanio as her husband and gives him a ring as a symbol of\ntheir love, asking him never to lose or give it away. Gratiano also becomes engaged to Portia’s maid\nNerissa.\nAt the same time, events in Venice take a darker turn. Shylock’s daughter Jessica secretly plans to run', 'Bassanio is a young Venetian nobleman who has spent his wealth recklessly and is now in debt.\nHowever, he has fallen in love with a wealthy and beautiful heiress named Portia, who lives in Belmont.\nBassanio believes that Portia may return his love, but he needs money in order to travel to Belmont and\npresent himself as a worthy suitor. Because Bassanio has already borrowed money from Antonio in the\npast, he hesitates to ask again. Nevertheless, he confides in Antonio and explains his plan.\nAntonio, who deeply values his friendship with Bassanio, immediately offers to help him. Although\nAntonio himself currently has no cash available because his money is invested in his ships at sea, he\nencourages Bassanio to borrow money using Antonio’s credit. Bassanio then approaches Shylock, a\nJewish moneylender in Venice, to request a loan of three thousand ducats for three months.\nShylock has a complicated relationship with Antonio. Antonio has often insulted Shylock because he is\nJewish and because he lends money with interest, which Antonio disapproves of. Antonio has publicly\nmocked Shylock and even spat on him in the past. Because of this history, Shylock secretly harbors', 'Soon afterward, Bassanio arrives in Belmont with his friend Gratiano. Portia welcomes him warmly but\nasks him to delay choosing the casket because she fears losing him if he chooses incorrectly. Bassanio\ninsists on making the choice without delay. After carefully reflecting on the messages written on the']","According to the context, Portia's situation at the start of the play is that she is waiting for a suitor and secretly hopes that Bassanio will come, as she remembers him favorably from a previous meeting [1].

Bassanio, on the other hand, faces financial difficulties due to his reckless spending and is in debt, making it difficult for him to travel to Belmont to ask for Portia's hand in marriage and needs money to do so [4].","Both face constraints that restrict their freedom of choice. Bassanio is a nobleman in debt who lacks the means to court the woman he loves and must rely on a risky loan. Portia, wealthy and admired, is nonetheless bound by her late father's will to accept only the suitor who correctly solves the casket test, giving her no direct say in choosing her husband. Both are subject to external forces — financial and legal — that shape their fates.",1.0,0.5333333333155555,1.0
What were the names of Antonio's ships that sank?,"['The play begins in Venice with Antonio, a wealthy merchant, who is feeling strangely sad without\nknowing why. His friends Salarino and Solanio attempt to guess the cause of his sadness. They\nsuggest that he might be worried about his merchant ships that are currently sailing across dangerous\nseas, carrying valuable goods that could easily be lost in storms or attacked by pirates. Antonio', 'resentment toward Antonio.\nWhen Bassanio approaches Shylock for the loan, Shylock carefully considers the request. He\nrecognizes that Antonio is wealthy but also notes that Antonio’s ships are currently at sea and therefore\nhis wealth is uncertain. Shylock pretends to set aside his resentment and proposes an unusual', 'Back in Belmont, Portia and Nerissa reveal the truth about their disguises. Bassanio and Gratiano\nrealize they have given their rings back to their own wives. At the same time, news arrives that\nAntonio’s ships have returned safely, restoring his wealth.\nThe play ends with celebration, reconciliation, and happiness for most of the characters, while\nShylock’s fate remains tragic. The Merchant of Venice continues to be discussed for its exploration of\nmercy, justice, prejudice, and human relationships.', 'away with Lorenzo, a Christian friend of Bassanio. Jessica disguises herself as a boy and escapes from\nher father’s house with Lorenzo, taking some of Shylock’s money and jewels with her. When Shylock\ndiscovers that his daughter has fled, he is furious and deeply distressed.\nShortly afterward, news arrives that Antonio’s ships have been lost at sea, meaning that he cannot', 'him favorably from a previous meeting.\nBefore Bassanio arrives, two suitors attempt the casket test. The Prince of Morocco chooses the gold\ncasket because he believes something as precious as Portia must be contained within gold. However,\nwhen he opens it, he finds a skull and a message explaining that appearances can be deceptive. He\nhas chosen wrongly and must leave.']",I don't know based on the provided context.,The document does not mention the names of Antonio's ships. It only states that his ships were lost at sea.,1.0,0.0,0.0
What exact words did Portia use in her mercy speech?,"['honored.\nPortia arrives disguised as a learned lawyer named Balthazar. She urges Shylock to show mercy and\ndelivers a famous speech explaining that mercy is greater than strict justice. However, Shylock refuses\nto change his mind.', 'mercy, justice, prejudice, and human relationships.', 'a test that determines who can marry her. According to his will, any suitor who wishes to marry Portia\nmust choose correctly among three caskets: one made of gold, one made of silver, and one made of\nlead. Inside one of these caskets is a portrait of Portia. Whoever chooses the correct casket wins her\nhand in marriage. If a suitor chooses incorrectly, he must promise never to marry anyone else.', 'Many wealthy suitors from various countries come to Belmont to attempt the challenge, but Portia is not\nimpressed with most of them. She privately complains about their personalities and manners. Although\nshe must follow her father’s wishes, she secretly hopes that Bassanio will come, as she remembers\nhim favorably from a previous meeting.', 'chosen correctly. Portia happily accepts Bassanio as her husband and gives him a ring as a symbol of\ntheir love, asking him never to lose or give it away. Gratiano also becomes engaged to Portia’s maid\nNerissa.\nAt the same time, events in Venice take a darker turn. Shylock’s daughter Jessica secretly plans to run']",I don't know based on the provided context.,The document does not reproduce Portia's mercy speech verbatim. It only states that she delivered a famous speech explaining that mercy is greater than strict justice.,0.0,0.0,1.0
How did Shylock respond emotionally to being forced to convert to Christianity?,"['honored.\nPortia arrives disguised as a learned lawyer named Balthazar. She urges Shylock to show mercy and\ndelivers a famous speech explaining that mercy is greater than strict justice. However, Shylock refuses\nto change his mind.', 'them to Venice in disguise as a lawyer and a clerk.\nIn the courtroom, the Duke of Venice hopes that Shylock will show mercy and forgive the debt.\nBassanio even offers to pay twice or three times the original amount of money, but Shylock refuses. He\ninsists that he is entitled to the pound of flesh according to the law and demands that the contract be\nhonored.', 'Lorenzo and convert to Christianity. Shylock leaves the court defeated.\nLater, Bassanio offers the disguised Portia a reward. She asks for the ring that Bassanio promised\nnever to give away. After hesitation, he gives it to her. Gratiano also gives Nerissa’s ring to the clerk.\nBack in Belmont, Portia and Nerissa reveal the truth about their disguises. Bassanio and Gratiano', 'mocked Shylock and even spat on him in the past. Because of this history, Shylock secretly harbors\nresentment toward Antonio.\nWhen Bassanio approaches Shylock for the loan, Shylock carefully considers the request. He\nrecognizes that Antonio is wealthy but also notes that Antonio’s ships are currently at sea and therefore\nhis wealth is uncertain. Shylock pretends to set aside his resentment and proposes an unusual\ncondition for the loan. He offers to lend the money without interest if Antonio signs a bond stating that if\nthe loan is not repaid on time, Shylock will have the right to cut off a pound of Antonio’s flesh from any\npart of his body.\nBassanio is alarmed by this strange condition and advises Antonio not to accept it. However, Antonio\nconfidently agrees to the bond, believing that his ships will return safely long before the loan is due.\nAntonio therefore signs the contract, and Bassanio receives the money needed to travel to Belmont.\nMeanwhile, in Belmont, Portia faces her own challenge regarding marriage. Portia’s late father created\na test that determines who can marry her. According to his will, any suitor who wishes to marry Portia', 'declares that it is too late and that Shylock has already refused the payment. According to the law, a\nforeigner who attempts to take the life of a citizen may lose his property.\nHalf of Shylock’s wealth goes to the state and half to Antonio. Antonio shows mercy by allowing\nShylock to keep part of it during his lifetime but requires him to leave the remainder to Jessica and']",I don't know based on the provided context.,The document does not describe Shylock's emotional reaction to the conversion requirement. It only states that he left the court defeated.,1.0,0.0,0.5
What did Salarino and Solanio think was the real reason for Antonio's sadness?,"['The play begins in Venice with Antonio, a wealthy merchant, who is feeling strangely sad without\nknowing why. His friends Salarino and Solanio attempt to guess the cause of his sadness. They\nsuggest that he might be worried about his merchant ships that are currently sailing across dangerous\nseas, carrying valuable goods that could easily be lost in storms or attacked by pirates. Antonio', 'resentment toward Antonio.\nWhen Bassanio approaches Shylock for the loan, Shylock carefully considers the request. He\nrecognizes that Antonio is wealthy but also notes that Antonio’s ships are currently at sea and therefore\nhis wealth is uncertain. Shylock pretends to set aside his resentment and proposes an unusual', 'asks him to delay choosing the casket because she fears losing him if he chooses incorrectly. Bassanio\ninsists on making the choice without delay. After carefully reflecting on the messages written on the\ncaskets, Bassanio rejects the gold and silver ones, recognizing that they represent superficial\nappearances and pride. Instead, he chooses the lead casket, which promises only what a person truly\ndeserves.\nWhen Bassanio opens the lead casket, he finds Portia’s portrait and a message declaring that he has\nchosen correctly. Portia happily accepts Bassanio as her husband and gives him a ring as a symbol of\ntheir love, asking him never to lose or give it away. Gratiano also becomes engaged to Portia’s maid\nNerissa.\nAt the same time, events in Venice take a darker turn. Shylock’s daughter Jessica secretly plans to run\naway with Lorenzo, a Christian friend of Bassanio. Jessica disguises herself as a boy and escapes from\nher father’s house with Lorenzo, taking some of Shylock’s money and jewels with her. When Shylock\ndiscovers that his daughter has fled, he is furious and deeply distressed.', 'Back in Belmont, Portia and Nerissa reveal the truth about their disguises. Bassanio and Gratiano\nrealize they have given their rings back to their own wives. At the same time, news arrives that\nAntonio’s ships have returned safely, restoring his wealth.\nThe play ends with celebration, reconciliation, and happiness for most of the characters, while\nShylock’s fate remains tragic. The Merchant of Venice continues to be discussed for its exploration of\nmercy, justice, prejudice, and human relationships.', 'Portia then examines the bond and declares that Shylock may take exactly one pound of Antonio’s\nflesh. But she points out that the contract does not allow the shedding of blood. If even one drop of\nblood is spilled, Shylock will be punished under Venetian law.\nRealizing that this makes the act impossible, Shylock agrees to accept the money instead. Portia\ndeclares that it is too late and that Shylock has already refused the payment. According to the law, a\nforeigner who attempts to take the life of a citizen may lose his property.\nHalf of Shylock’s wealth goes to the state and half to Antonio. Antonio shows mercy by allowing\nShylock to keep part of it during his lifetime but requires him to leave the remainder to Jessica and\nLorenzo and convert to Christianity. Shylock leaves the court defeated.\nLater, Bassanio offers the disguised Portia a reward. She asks for the ring that Bassanio promised\nnever to give away. After hesitation, he gives it to her. Gratiano also gives Nerissa’s ring to the clerk.\nBack in Belmont, Portia and Nerissa reveal the truth about their disguises. Bassanio and Gratiano']","They suggested that Antonio might be worried about his merchant ships that are currently sailing across dangerous seas, carrying valuable goods that could easily be lost in storms or attacked by pirates. [1]","Salarino and Solanio suggested two possible reasons for Antonio's sadness: first, that he was worried about his merchant ships at sea, which could be lost in storms or attacked by pirates; and second, that he might be in love. Antonio dismissed both explanations. The document does not reveal what they privately believed to be the true cause.",1.0,0.0,0.6666666666666666
What happened to the ring?,"['Lorenzo and convert to Christianity. Shylock leaves the court defeated.\nLater, Bassanio offers the disguised Portia a reward. She asks for the ring that Bassanio promised\nnever to give away. After hesitation, he gives it to her. Gratiano also gives Nerissa’s ring to the clerk.\nBack in Belmont, Portia and Nerissa reveal the truth about their disguises. Bassanio and Gratiano', 'realize they have given their rings back to their own wives. At the same time, news arrives that\nAntonio’s ships have returned safely, restoring his wealth.\nThe play ends with celebration, reconciliation, and happiness for most of the characters, while\nShylock’s fate remains tragic. The Merchant of Venice continues to be discussed for its exploration of', 'has chosen wrongly and must leave.\nThe Prince of Arragon then attempts the test and chooses the silver casket, believing that he deserves\nPortia more than others. When he opens the casket, he finds the portrait of a fool and another message\nexplaining that arrogance leads to failure. He too has chosen incorrectly and must leave Belmont.', 'away with Lorenzo, a Christian friend of Bassanio. Jessica disguises herself as a boy and escapes from\nher father’s house with Lorenzo, taking some of Shylock’s money and jewels with her. When Shylock\ndiscovers that his daughter has fled, he is furious and deeply distressed.\nShortly afterward, news arrives that Antonio’s ships have been lost at sea, meaning that he cannot', 'chosen correctly. Portia happily accepts Bassanio as her husband and gives him a ring as a symbol of\ntheir love, asking him never to lose or give it away. Gratiano also becomes engaged to Portia’s maid\nNerissa.\nAt the same time, events in Venice take a darker turn. Shylock’s daughter Jessica secretly plans to run']",Bassanio gave the ring away but later realized and attempted to give it to Portia as a reward after she had asked for it.,"Portia gave Bassanio a ring as a symbol of their love after he chose the correct casket, asking him never to give it away. Later, Portia in her disguise as Balthazar asked Bassanio for the ring as payment after the trial, and he gave it to her. Similarly, Gratiano gave Nerissa's ring to the clerk (Nerissa in disguise). Back in Belmont, Portia and Nerissa revealed their disguises, and both husbands realised they had returned the rings to their own wives.",0.5,0.699999999965,1.0
Why did Bassanio go to Belmont?,"['Many wealthy suitors from various countries come to Belmont to attempt the challenge, but Portia is not\nimpressed with most of them. She privately complains about their personalities and manners. Although\nshe must follow her father’s wishes, she secretly hopes that Bassanio will come, as she remembers\nhim favorably from a previous meeting.', 'Soon afterward, Bassanio arrives in Belmont with his friend Gratiano. Portia welcomes him warmly but\nasks him to delay choosing the casket because she fears losing him if he chooses incorrectly. Bassanio\ninsists on making the choice without delay. After carefully reflecting on the messages written on the', 'However, he has fallen in love with a wealthy and beautiful heiress named Portia, who lives in Belmont.\nBassanio believes that Portia may return his love, but he needs money in order to travel to Belmont and\npresent himself as a worthy suitor. Because Bassanio has already borrowed money from Antonio in the', 'confidently agrees to the bond, believing that his ships will return safely long before the loan is due.\nAntonio therefore signs the contract, and Bassanio receives the money needed to travel to Belmont.\nMeanwhile, in Belmont, Portia faces her own challenge regarding marriage. Portia’s late father created', 'Lorenzo and convert to Christianity. Shylock leaves the court defeated.\nLater, Bassanio offers the disguised Portia a reward. She asks for the ring that Bassanio promised\nnever to give away. After hesitation, he gives it to her. Gratiano also gives Nerissa’s ring to the clerk.\nBack in Belmont, Portia and Nerissa reveal the truth about their disguises. Bassanio and Gratiano']","According to [3], Bassanio believes Bassanio went to Belmont to win Portia's love, but needed money to be a worthy suitor, which he obtained from Antonio.","Bassanio went to Belmont to court Portia, a wealthy heiress he had fallen in love with. He believed she might return his feelings but needed money for the journey and to present himself as a worthy suitor, which is why he sought financial help from Antonio.",1.0,0.9999999999666667,1.0
What are the themes of the play?,"['The play begins in Venice with Antonio, a wealthy merchant, who is feeling strangely sad without\nknowing why. His friends Salarino and Solanio attempt to guess the cause of his sadness. They\nsuggest that he might be worried about his merchant ships that are currently sailing across dangerous\nseas, carrying valuable goods that could easily be lost in storms or attacked by pirates. Antonio', 'mercy, justice, prejudice, and human relationships.', 'has chosen wrongly and must leave.\nThe Prince of Arragon then attempts the test and chooses the silver casket, believing that he deserves\nPortia more than others. When he opens the casket, he finds the portrait of a fool and another message\nexplaining that arrogance leads to failure. He too has chosen incorrectly and must leave Belmont.', 'Summary of The Merchant of Venice\nThe Merchant of Venice is a play by William Shakespeare that combines elements of comedy,\nromance, and drama while exploring themes such as mercy, justice, prejudice, friendship, and love.\nThe story takes place mainly in Venice and Belmont and revolves around the merchant Antonio, his\nfriend Bassanio, the wealthy heiress Portia, and the Jewish moneylender Shylock.', 'chosen correctly. Portia happily accepts Bassanio as her husband and gives him a ring as a symbol of\ntheir love, asking him never to lose or give it away. Gratiano also becomes engaged to Portia’s maid\nNerissa.\nAt the same time, events in Venice take a darker turn. Shylock’s daughter Jessica secretly plans to run']","According to [2] and [4], the themes of the play are:

1. Mercy
2. Justice
3. Prejudice
4. Human relationships

Additionally, according to [4], the play also explores friendship and love.","The Merchant of Venice explores themes of mercy, justice, prejudice, friendship, and love. These are woven through the legal conflict between Shylock and Antonio (mercy vs. strict justice), the treatment of Shylock as a Jewish character (prejudice), the bond between Antonio and Bassanio (friendship), the romance of Bassanio and Portia (love), and the casket test (the deceptiveness of appearances).",1.0,0.249999999975,1.0
